ISIN,Symbol,Market,Url,PID
FR0013088606,ALDRV,France,https://www.investing.com/equities/drone-volt-sa,951014
FR0000072993,ALMAK,France,https://www.investing.com/equities/makheia-group,943247
FR0000130809,SOGN,France,https://www.investing.com/equities/societe-generale,410
FR0010397232,ALNOV,France,https://www.investing.com/equities/novacyt,943299
FR0010613471,SEVI,France,https://www.investing.com/equities/suez-environnement-s.a.,8806
FR0013066750,ALDBT,France,https://www.investing.com/equities/dbt-sa,962347
FR0010208488,ENGIE,France,https://www.investing.com/equities/gdf-suez,395
FR0000131104,BNPP,France,https://www.investing.com/equities/bnp-paribas,396
FR0010493510,ALALO,France,https://www.investing.com/equities/acheter-louer,943311
FR0004032746,ALNEV,France,https://www.investing.com/equities/neovacs-sa,19723
FR0000031122,AIRF,France,https://www.investing.com/equities/air-france---klm,385
GB00BDSFG982,FTI,France,https://www.investing.com/equities/fmc-technologies-inc?cid=7006,7006
FR0000121501,PEUP,France,https://www.investing.com/equities/peugeot,402
FR0000127771,VIV,France,https://www.investing.com/equities/vivendi,415
FR0000079634,GECI,France,https://www.investing.com/equities/geci-intl,7112
FR0013495298,ALGAU,France,https://www.investing.com/equities/gaussin,943292
NL0000235190,AIR,France,https://www.investing.com/equities/eads,412
NL0000226223,STM,France,https://www.investing.com/equities/stmicroelectroni,417
FR0011051598,ALMIB,France,https://www.investing.com/equities/amoeba-sa,955876
FR0000131906,RENA,France,https://www.investing.com/equities/renault,419
FR0000120172,CARR,France,https://www.investing.com/equities/carrefour,404
FR0000120578,SASY,France,https://www.investing.com/equities/sanofi-aventis,414
FR0000125486,SGEF,France,https://www.investing.com/equities/vinci,418
FR0011950732,ELIOR,France,https://www.investing.com/equities/elior,943369
FR0013505583,ALCYB,France,https://www.investing.com/equities/cybergun,17730
FR0000121964,LOIM,France,https://www.investing.com/equities/klepierre,7070
FR0000120404,ACCP,France,https://www.investing.com/equities/accor,386
FR0000124141,VIE,France,https://www.investing.com/equities/veolia-environ,420
FR0000054322,CIBP,France,https://www.investing.com/equities/cibox-inter-activ,17718
FR0000120644,DANO,France,https://www.investing.com/equities/danone,394
FR0010533075,GETP,France,https://www.investing.com/equities/groupe-eurotunnel-s.a.,13102
FR0000125007,SGOB,France,https://www.investing.com/equities/saint-gobain,403
FR0000120503,BOUY,France,https://www.investing.com/equities/bouygues,397
FR0000121667,ESLX,France,https://www.investing.com/equities/essilor-internat,405
FR0013176526,VLOF,France,https://www.investing.com/equities/valeo,7022
FR0000130577,PUBP,France,https://www.investing.com/equities/publicis-groupe,6979
FR0006174348,BVI,France,https://www.investing.com/equities/bureau-verita,8788
FR0000039299,BOLL,France,https://www.investing.com/equities/bollore-s.a.,13163
FR0000073272,SAF,France,https://www.investing.com/equities/safran,6991
FR0010220475,ALSO,France,https://www.investing.com/equities/alstom,413
FR0004163111,GNFT,France,https://www.investing.com/equities/genfit-sa,19720
FR0011981968,WLN,France,https://www.investing.com/equities/worldline-sa,953852
LU0088087324,SESFd,France,https://www.investing.com/equities/ses-global,6975
FR0010221234,ETL,France,https://www.investing.com/equities/eutelsat-comm,7017
FR0010386334,KORI,France,https://www.investing.com/equities/korian?cid=23514,23514
FR0000121147,EPED,France,https://www.investing.com/equities/faurecia,6958
FR0000121972,SCHN,France,https://www.investing.com/equities/schneider-electr,401
FR0010307819,LEGD,France,https://www.investing.com/equities/legrand,7059
FR0013481835,ALVMG,France,https://www.investing.com/equities/visiomed-group,943339
FR0012435121,ELIS,France,https://www.investing.com/equities/elis-services-sa,945685
FR0000120073,AIRP,France,https://www.investing.com/equities/air-liquide,389
NL0012044762,ALNOX,France,https://www.investing.com/equities/noxxon-pharma-ag,991180
FR0013505062,TCH,France,https://www.investing.com/equities/technicolor-rgpt,13166
FR0010451203,RXL,France,https://www.investing.com/equities/rexel,6969
FR0011053636,ALTBG,France,https://www.investing.com/equities/leadmedia-grou,943338
FR0011584549,ALMND,France,https://www.investing.com/equities/mnd,943354
FR0013410370,ALAMG,France,https://www.investing.com/equities/auplata,943300
FR0000130213,LAGA,France,https://www.investing.com/equities/lagardere-s.c.a.,668
FR0010241638,MERY,France,https://www.investing.com/equities/mercialys,6994
FR0004153930,ALHYG,France,https://www.investing.com/equities/hybrigenics,19721
FR0010812230,ALMNG,France,https://www.investing.com/equities/mobile-network,943327
FR0013178712,ALPCV,France,https://www.investing.com/equities/cerinnov-group-sa,985719
FR0011950641,ALPIX,France,https://www.investing.com/equities/pixium-vision,943367
FR0000054470,UBIP,France,https://www.investing.com/equities/ubisoft,6984
FR0011636083,ALNLF,France,https://www.investing.com/equities/neolife-sa,990007
FR0000120693,PERP,France,https://www.investing.com/equities/pernod-ricard,406
FR0011648971,ALQGC,France,https://www.investing.com/equities/quantum-genomics-sa,946353
FR0000120222,CNPP,France,https://www.investing.com/equities/cnp-assurances,6997
FR0013426004,AVQ,France,https://www.investing.com/equities/avanquest-software,7154
FR0010411983,SCOR,France,https://www.investing.com/equities/scor,7007
FR0013379484,S30,France,https://www.investing.com/equities/solutions-30-s,943283
FR0000125585,CASP,France,https://www.investing.com/equities/casino,6959
FR0000120321,OREP,France,https://www.investing.com/equities/l-oreal,400
FR0010908533,EDEN,France,https://www.investing.com/equities/edenred,13146
FR0000121261,MICP,France,https://www.investing.com/equities/michelin,411
FR0000121014,LVMH,France,https://www.investing.com/equities/l.v.m.h.,399
FR0004056851,VLS,France,https://www.investing.com/equities/valneva,17898
FR0011799907,GVI,France,https://www.investing.com/equities/genomicvision,943363
FR0010331421,IPH,France,https://www.investing.com/equities/innate-pharma,17795
FR0000125338,CAPP,France,https://www.investing.com/equities/cap-gemini,390
FI0009000681,NOKIA,France,https://www.investing.com/equities/nokia-finland?cid=961657,961657
FR0000051732,ATOS,France,https://www.investing.com/equities/atos-origin,7019
FR0000182479,ARCH,France,https://www.investing.com/equities/archos,7039
FR0004197747,ALTHE,France,https://www.investing.com/equities/theradiag,943269
FR0013269123,RUBF,France,https://www.investing.com/equities/rubis,7103
FR0000121220,EXHO,France,https://www.investing.com/equities/sodexho-alliance,6981
FR0011179886,ALINS,France,https://www.investing.com/equities/intrasense,943344
FR0000077919,JCDX,France,https://www.investing.com/equities/jcdeceaux,7076
FR0000130452,FOUG,France,https://www.investing.com/equities/eiffage,6995
FR0010417345,DBV,France,https://www.investing.com/equities/dbv-technologies-sa,40314
FR0000121329,TCFP,France,https://www.investing.com/equities/thales,6952
FR0004155240,ALVER,France,https://www.investing.com/equities/vergnet,943257
FR0013467123,ALSAF,France,https://www.investing.com/equities/safe-orthopaedics-sa,945682
FR0013183985,SIGHT,France,https://www.investing.com/equities/gensight-biologics-sa,985893
FR0012757854,SPIE,France,https://www.investing.com/equities/spie-promesses,942438
FR0010313833,AKE,France,https://www.investing.com/equities/arkema,6980
FR0010478248,ATAR,France,https://www.investing.com/equities/atari,13160
FR0010667147,COFA,France,https://www.investing.com/equities/coface,943321
FR0013374667,ALKKO,France,https://www.investing.com/equities/kko-international-sa,960722
FR0000035081,ICAD,France,https://www.investing.com/equities/icade,9109
FR0000054900,TFFP,France,https://www.investing.com/equities/tf1,7086
FR0013018041,NAVYA,France,https://www.investing.com/equities/navya,1088763
FR0013506730,VLLP,France,https://www.investing.com/equities/vallourec,408
FR0000130650,DAST,France,https://www.investing.com/equities/dassault-system,6957
FR0004188670,TKTT,France,https://www.investing.com/equities/tarkett,943267
FR0000125346,INGC,France,https://www.investing.com/equities/ingenico,7049
FR0000121485,PRTP,France,https://www.investing.com/equities/kering,670
FR0010259150,IPN,France,https://www.investing.com/equities/ipsen,7072
FR0013398997,ALCUR,France,https://www.investing.com/equities/arcure-sa,1122219
FR0011191766,EOSI,France,https://www.investing.com/equities/eos-imaging-sa,40316
FR0012432516,POXEL,France,https://www.investing.com/equities/poxel-sa,945688
FR0004125920,AMUN,France,https://www.investing.com/equities/amundi-sa,961654
FR0011915339,ALENE,France,https://www.investing.com/equities/enertime-sas,985891
FR0000124570,PLOF,France,https://www.investing.com/equities/plastic-omnium,7027
FR0013451333,FDJ,France,https://www.investing.com/equities/la-francaise-des-jeux-sa,1155481
FR0010557264,ABS,France,https://www.investing.com/equities/ab-science,17629
FR0013514114,ALEUP,France,https://www.investing.com/equities/europlasma-sa,942436
FR0013214145,SMCP,France,https://www.investing.com/equities/groupe-smcp,1052409
FR0000051070,MAUP,France,https://www.investing.com/equities/maurel-prom,7068
FR0012596468,ALSEN,France,https://www.investing.com/equities/sensorion-sa,951012
FR0011742329,MCPHY,France,https://www.investing.com/equities/mcphy-energy,943360
FR0000064578,CVO,France,https://www.investing.com/equities/fonc-des-regions,7015
FR0013258399,BALYO,France,https://www.investing.com/equities/balyo-sa,1011051
FR0000120560,QDT,France,https://www.investing.com/equities/neopost,6992
FR0010820274,ALREW,France,https://www.investing.com/equities/reworld-media,943328
FR0000060873,MBWS,France,https://www.investing.com/equities/belvedere,13175
NL0006294274,ENX,France,https://www.investing.com/equities/euronext,943375
FR0013258662,ALDA,France,https://www.investing.com/equities/ald-international-sa,1012045
FR0004035913,ILD,France,https://www.investing.com/equities/iliad,6983
FR0013006558,SRPG,France,https://www.investing.com/equities/srp-groupe-sa,960709
FR0010040865,GFCP,France,https://www.investing.com/equities/gecina,6953
FR0011716265,ALCJ,France,https://www.investing.com/equities/crossject,943358
FR0010340141,ADP,France,https://www.investing.com/equities/aeroports-paris,6962
FR0011464452,ALSGD,France,https://www.investing.com/equities/spineguard,943351
FR0013227113,SOIT,France,https://www.investing.com/equities/soitec,6990
FR0000130692,CRIP,France,https://www.investing.com/equities/chargeurs,7089
FR0005175080,TRNG,France,https://www.investing.com/equities/transgene,7034
FR0000121121,EURA,France,https://www.investing.com/equities/eurazeo?cid=25448,25448
FR0010380626,PRSW,France,https://www.investing.com/equities/prologue-software,17667
FR0004183960,VTX,France,https://www.investing.com/equities/voluntis,1077178
FR0000051807,TEPRF,France,https://www.investing.com/equities/teleperformance,7087
FR0000120859,IMTP,France,https://www.investing.com/equities/imerys,6967
FR0012616852,ABNX,France,https://www.investing.com/equities/cerenis-therapeutics-holding,949746
FR0000053225,MMTP,France,https://www.investing.com/equities/m6-metropole,6946
FR0000121204,MWDP,France,https://www.investing.com/equities/wendel,6993
FR0010641449,ALAGR,France,https://www.investing.com/equities/agrogeneration,943320
FR0010112524,NEXI,France,https://www.investing.com/equities/nexity,7054
FR0010193052,CATGR,France,https://www.investing.com/equities/poncin-yachts,17848
FR0000071946,LTEN,France,https://www.investing.com/equities/alten,7048
FR0011471135,ERYP,France,https://www.investing.com/equities/erytech-pharma,943352
FR0011675362,NEOEN,France,https://www.investing.com/equities/neoen,1097383
FR0004065605,MEDCL,France,https://www.investing.com/equities/medincell-sa,1096116
FR0000184798,ORP,France,https://www.investing.com/equities/orpea,7075
FR0013280286,BIOX,France,https://www.investing.com/equities/biomerieux,7078
FR0013286259,ALTHX,France,https://www.investing.com/equities/theranexus,1052917
FR0000044448,NEXS,France,https://www.investing.com/equities/nexans,7028
FR0000130395,RCOP,France,https://www.investing.com/equities/remy-cointreau,6971
FR0011271600,FALG,France,https://www.investing.com/equities/fermentalg,943348
FR0010291245,VMX,France,https://www.investing.com/equities/inside-secure-sa,40320
FR0000131757,ERMT,France,https://www.investing.com/equities/eramet,6948
FR0013233012,IVAA,France,https://www.investing.com/equities/inventiva-sa,996538
FR0000060618,GENC,France,https://www.investing.com/equities/rallye,6996
FR0010828137,CARM,France,https://www.investing.com/equities/carrefour-pro-dev,17728
FR0013240934,ALERS,France,https://www.investing.com/equities/exonhit-sa,19718
FR0010879056,ALDEI,France,https://www.investing.com/equities/deinove,943329
FR0010095596,C4X,France,https://www.investing.com/equities/bioalliance-pharma,17635
FR0011005933,ALBIO,France,https://www.investing.com/equities/biosynex,943333
FR0013345493,ALTUV,France,https://www.investing.com/equities/bio-uv-group,1084283
FR0011726835,GTT,France,https://www.investing.com/equities/gtt,943359
FR0011532225,ALVGO,France,https://www.investing.com/equities/vogo,1097919
BE0974310428,XFAB,France,https://www.investing.com/equities/x-fab-silicon-foundries-se,999060
FR0000053381,DBG,France,https://www.investing.com/equities/derichebourg,9069
FR0013153541,MDM,France,https://www.investing.com/equities/maisons-du-monde-sas,980202
FR0010377127,ALDIE,France,https://www.investing.com/equities/dietswell,943296
FR0004177046,METEX,France,https://www.investing.com/equities/metabolic-explorer,14170
FR0010609263,MKEA,France,https://www.investing.com/equities/mauna-kea-technologies-sas,32435
FR0013233475,LYS,France,https://www.investing.com/equities/lysogene-sa,996153
FR0004180537,AKA,France,https://www.investing.com/equities/akka-technologies,17683
FR0013154002,STDM,France,https://www.investing.com/equities/stedim,7014
FR0005691656,TRIA,France,https://www.investing.com/equities/trigano,7003
FR0013447729,VRLA,France,https://www.investing.com/equities/verallia,1152995
FR0006239109,CBSM,France,https://www.investing.com/equities/bois-scier-manche,17705
AN8068571086,SLBP,France,https://www.investing.com/equities/schlumberger-ltd?cid=943222,943222
FR0013143872,ALWIT,France,https://www.investing.com/equities/witbe-net-sa,976468
FR0011766229,ALONC,France,https://www.investing.com/equities/oncodesign,943361
FR0000052292,HRMS,France,https://www.investing.com/equities/hermes-international,6987
FR0013529815,AVOM,France,https://www.investing.com/equities/avenir-telecom,7129
FR0011341205,NANOB,France,https://www.investing.com/equities/nanobiotix,40322
FR0013482791,NACON,France,https://www.investing.com/equities/nacon-sa,1156934
FR0004154060,ETGM,France,https://www.investing.com/equities/netgem,9225
FR0000079683,ALATF,France,https://www.investing.com/equities/netbooster,943249
FR0010490920,ECP,France,https://www.investing.com/equities/europacorp,17752
FR0013247244,ALADO,France,https://www.investing.com/equities/adomos,943231
FR0000054231,HIGH,France,https://www.investing.com/equities/highco,7202
FR0000035164,CHBE,France,https://www.investing.com/equities/beneteau,7056
FR0011277391,FPN,France,https://www.investing.com/equities/fonciere-paris-nord,17680
FR0000062671,GOEG,France,https://www.investing.com/equities/groupe-gorge,17650
FR0011995588,VLTSA,France,https://www.investing.com/equities/voltalia-sa,953538
FR0000121709,SEBF,France,https://www.investing.com/equities/seb,6999
FR0011884378,ALUCI,France,https://www.investing.com/equities/lucibel,943366
FR0010425595,ALCLS,France,https://www.investing.com/equities/cellectis-sa,19717
FR0004172450,ALBUD,France,https://www.investing.com/equities/budget-telecom,943262
FR0000031684,ROTH,France,https://www.investing.com/equities/paris-orleans,17841
FR0010120402,ALTHER,France,https://www.investing.com/equities/theraclion-sa,945115
FR0013156007,ALKLK,France,https://www.investing.com/equities/kerlink-sas,980201
FR0011648716,ALCRB,France,https://www.investing.com/equities/carbios,943356
FR0000120966,BICP,France,https://www.investing.com/equities/societe-bic,7033
FR0004053510,ALGEN,France,https://www.investing.com/equities/genoway-sa,19719
NL0010623518,MLSEQ,France,https://www.investing.com/equities/sequa-petroleum-nv,989596
GB0005405286,HBC,France,https://www.investing.com/equities/hsbc-holdings?cid=29419,29419
FR0011049824,ALMDT,France,https://www.investing.com/equities/mediantechn,943336
FR0013507290,BPSBS,France,https://www.investing.com/equities/biophytis-call,1161402
FR0000038259,EUFI,France,https://www.investing.com/equities/euro-scientific,6964
FR0000032278,LAEP,France,https://www.investing.com/equities/latecoere,7150
FR0000073298,ISOS,France,https://www.investing.com/equities/ipsos,7040
FR0013330792,ALNN6,France,https://www.investing.com/equities/enensys-technologies-sa,1076838
FR0011476928,FNAC,France,https://www.investing.com/equities/groupe-fnac,41353
FR0000031775,VCTP,France,https://www.investing.com/equities/vicat,13167
FR0010908723,ALINT,France,https://www.investing.com/equities/integragen,19722
FR0000060402,ABIO,France,https://www.investing.com/equities/albioma,7005
FR0004187367,ALFRE,France,https://www.investing.com/equities/freelance.com,943266
FR0013018124,NCOX,France,https://www.investing.com/equities/nicox,6972
FR0012202497,DMSP,France,https://www.investing.com/equities/diagnostic-medical,17738
FR0000077570,MIPO,France,https://www.investing.com/equities/micropole,17825
CH0012214059,LHN,France,https://www.investing.com/equities/holcim?cid=955878,955878
FR0000120669,ESSF,France,https://www.investing.com/equities/esso,7042
FR0004007813,KOF,France,https://www.investing.com/equities/kaufman-broad,7096
FR0000072894,YAS,France,https://www.investing.com/equities/cast-sa,17640
FR0011466069,EKI,France,https://www.investing.com/equities/ekinops-sa,100156
FR0000033599,ALLEX,France,https://www.investing.com/equities/lexibook-linguist,17815
FR0000066722,GTCN,France,https://www.investing.com/equities/guillemot-corp,17781
FR0000075392,ORPF,France,https://www.investing.com/equities/orapi,17837
FR0000039620,CBLP,France,https://www.investing.com/equities/mersen,7071
FR0012789667,AMPLI,France,https://www.investing.com/equities/amplitude-surgical-sas,955666
FR0013470168,ALIMP,France,https://www.investing.com/equities/implanet,44451
FR0004034072,XIL,France,https://www.investing.com/equities/xilam-animation,17900
FR0010151589,CAFO,France,https://www.investing.com/equities/cafom,17709
FR0010457531,ALADM,France,https://www.investing.com/equities/adthink-media,943306
FR0010353888,ALMDG,France,https://www.investing.com/equities/mgi-digital,943294
FR0000038531,HFCO,France,https://www.investing.com/equities/hfcompany,17784
FR0004040608,BITI,France,https://www.investing.com/equities/abc-arbitrage,17675
FR0000074072,BGBN,France,https://www.investing.com/equities/bigben-interactive,17702
FR0000033904,JCQ,France,https://www.investing.com/equities/jacquet-metal,14169
FR0004076891,GFLO,France,https://www.investing.com/equities/flo-groupe,7214
FR0004024222,IPAR,France,https://www.investing.com/equities/inter-parfums,7175
FR0011665280,FGA,France,https://www.investing.com/equities/figeac-aero,943357
FR0012613610,PWG,France,https://www.investing.com/equities/prodways-sas,1009128
FR0004155000,SFPI,France,https://www.investing.com/equities/emme,17746
FR0000050809,SOPR,France,https://www.investing.com/equities/sopra-group,7100
FR0013252186,PLVP,France,https://www.investing.com/equities/plastiques-du-val-de-loire,17847
FR0011052257,ALGBE,France,https://www.investing.com/equities/glob-bioenergi,943337
FR0011191287,PHARN,France,https://www.investing.com/equities/pharnext-sas,985975
FR0000075954,ALRIB,France,https://www.investing.com/equities/riber,17854
FR0004038263,PARRO,France,https://www.investing.com/equities/parrot,7159
FR0000066672,GLTN,France,https://www.investing.com/equities/gl-events,7573
FR0010428771,OLG,France,https://www.investing.com/equities/olgroupe,17836
FR0013451044,ALHGR,France,https://www.investing.com/equities/hoffmann-green-cement-technologies,1153070
FR0011511971,ALICR,France,https://www.investing.com/equities/i.ceram-sa,943217
FR0000053506,CGDM,France,https://www.investing.com/equities/cegedim,7728
FR0011992700,ATEME,France,https://www.investing.com/equities/ateme,943371
FR0000064602,CFMP,France,https://www.investing.com/equities/acanthe-developpement,17630
FR0013254851,ALVAL,France,https://www.investing.com/equities/valbiotis-sas,1010721
FR0013331212,ALDNE,France,https://www.investing.com/equities/dontnod-entertainment,1075551
FR0010193979,CBOT,France,https://www.investing.com/equities/cbo-territoria-sa,40305
FR0000076887,ASTP,France,https://www.investing.com/equities/ast-groupe,17634
CH0308403085,GNRO,France,https://www.investing.com/equities/geneuro-sa,976469
FR0012127173,OSE,France,https://www.investing.com/equities/ose-pharma-international-sa,949748
FR0000074783,PRC,France,https://www.investing.com/equities/artprice.com-sa,32437
FR0013204070,ALPAR,France,https://www.investing.com/equities/groupe-parot-sa,992779
FR0000073793,DVTM,France,https://www.investing.com/equities/devoteam,7026
FR0000062234,EPMF,France,https://www.investing.com/equities/financiere-odet,7093
FR0000061129,BOIR,France,https://www.investing.com/equities/boiron,7031
FR0011858190,ALREA,France,https://www.investing.com/equities/realites,943365
FR0004052561,PROAC,France,https://www.investing.com/equities/hubwoo-s.a.,13181
FR0013356755,ALEMV,France,https://www.investing.com/equities/groupe-monceau-fleurs,943813
FR0000075343,ALEMG,France,https://www.investing.com/equities/euromedis-groupe,17645
FR0000038242,LBIRD,France,https://www.investing.com/equities/quantel,17852
FR0004171346,ALNXT,France,https://www.investing.com/equities/nextedia,943261
FR0000074197,UTIN,France,https://www.investing.com/equities/union-tech-info,17892
FR0000065278,HOP,France,https://www.investing.com/equities/public-systeme-hopscotch,17851
FR0000031577,VIRB,France,https://www.investing.com/equities/virbac,6977
FR0012650166,EPS,France,https://www.investing.com/equities/electro-power-systems-sa,951013
FR0011071570,ALCOG,France,https://www.investing.com/equities/cogra,943342
FR0000050353,GFII,France,https://www.investing.com/equities/lisi,7063
FR0004034320,ALMRB,France,https://www.investing.com/equities/mr-bricolage,7549
FR0000065484,LECS,France,https://www.investing.com/equities/lectra,7211
FR0000063935,BOND,France,https://www.investing.com/equities/bonduelle,7113
FR0000130403,DIOR,France,https://www.investing.com/equities/christian-dior,6954
FR0004152874,ADVA,France,https://www.investing.com/equities/avenir-finance,17695
FR0011038348,ALACT,France,https://www.investing.com/equities/concoursmania,943335
FR0010282822,SESL,France,https://www.investing.com/equities/store-electronic,17876
FR0000064784,FFPP,France,https://www.investing.com/equities/ffp,17759
FR0004170017,LNA,France,https://www.investing.com/equities/le-noble-age,17812
FR0013263878,ALUMS,France,https://www.investing.com/equities/umanis-rgpt,17891
FR0004050300,OPEN,France,https://www.investing.com/equities/groupe-open,7529
FR0010688440,ALWED,France,https://www.investing.com/equities/wedia,943322
FR0000076655,MRSP,France,https://www.investing.com/equities/actia-group,17677
FR0000073041,PVAC,France,https://www.investing.com/equities/pierre-vacances,6947
FR0010231860,ALODI,France,https://www.investing.com/equities/o2i-sa,19725
FR0013053535,ALMLB,France,https://www.investing.com/equities/miliboo-sa,962348
FR0004026151,ITFT,France,https://www.investing.com/equities/itesoft,17800
FR0000053324,CDAF,France,https://www.investing.com/equities/alpes,7768
FR0012419307,ALFOC,France,https://www.investing.com/equities/focus-home-interactive-sas,945686
FR0000121691,SONO,France,https://www.investing.com/equities/nrj-group,7109
FR0000072373,EGID,France,https://www.investing.com/equities/egide,17743
US3696041033,GNE,France,https://www.investing.com/equities/general-electric?cid=29562,29562
FR0013230612,TKOO,France,https://www.investing.com/equities/tikehau-capital-partners-sas,997440
FR0011184241,ADOC,France,https://www.investing.com/equities/adocia-sas,40297
FR0004186856,VETO,France,https://www.investing.com/equities/vetoquinol,17896
ZM0000000037,ZCCM,France,https://www.investing.com/equities/zccm-investments-holdings-plc,989611
FR0004180578,SWOR,France,https://www.investing.com/equities/sword-group,7127
FR0000185514,CADNi,France,https://www.investing.com/equities/crcam-nord-de-france,40300
MC0000031187,BAIN,France,https://www.investing.com/equities/bains-de-mer,7615
FR0000039109,CCHE,France,https://www.investing.com/equities/seche-environ,7073
FR0000050049,VEIL,France,https://www.investing.com/equities/viel-et-cie,7152
FR0000053027,AKW,France,https://www.investing.com/equities/mgi-coutier,17824
FR0000075442,ALLDL,France,https://www.investing.com/equities/ldlc.com-sa,17655
FR0000038606,MANP,France,https://www.investing.com/equities/manitou,7062
FR0007317813,SIGF,France,https://www.investing.com/equities/cs-comm-et-syst.,7718
FR0010483768,CRBP2,France,https://www.investing.com/equities/credit-agricole-brie-picardie-sca,40309
FR0004178572,ALMED,France,https://www.investing.com/equities/medicrea-int.,943265
FR0000035370,BATD,France,https://www.investing.com/equities/bastide-le-confort-medical,17700
FR0004058949,ALMIC,France,https://www.investing.com/equities/microwave-visi,943254
FR0010722819,ALKAL,France,https://www.investing.com/equities/kalray,1080089
FR0012872141,JBOG,France,https://www.investing.com/equities/jacques-bogart,17802
FR0012882389,PHAI,France,https://www.investing.com/equities/pharmagest-int.,7332
FR0013199916,DAMA,France,https://www.investing.com/equities/somfy-sa,17873
FR0010099515,ECASA,France,https://www.investing.com/equities/eca-n,17742
FR0000121725,AVMD,France,https://www.investing.com/equities/dassault-avia,17734
FR0010481960,ARGAN,France,https://www.investing.com/equities/argan-sa,17633
FR0004031763,COHE,France,https://www.investing.com/equities/coheris,17724
FR0013341781,2CRSI,France,https://www.investing.com/equities/2crsi,1081715
FR0012333284,ABVX,France,https://www.investing.com/equities/abivax-sa,955665
FR0010211037,ALPLA,France,https://www.investing.com/equities/planet.fr-sa,945117
FR0000033003,TETR,France,https://www.investing.com/equities/touax,17887
FR0013530102,ALCG,France,https://www.investing.com/equities/awox,943364
FR0000054678,EURR,France,https://www.investing.com/equities/euro-ressources-s.a.,13135
FR0000066755,PYHE,France,https://www.investing.com/equities/haulotte-groupe,7032
FR0011040500,AXW,France,https://www.investing.com/equities/axway-software,14167
FR0000054132,ALDEL,France,https://www.investing.com/equities/delfingen-industry,17735
FR0004050250,NRO,France,https://www.investing.com/equities/neurones,17833
FR0013295789,TFF,France,https://www.investing.com/equities/tonnellerie,7160
FR0010609206,OREGE,France,https://www.investing.com/equities/orege,943319
FR0000074148,ASY,France,https://www.investing.com/equities/assytem,7111
FR0000124414,ALBI,France,https://www.investing.com/equities/gascogne,7235
FR0000078321,SDTC,France,https://www.investing.com/equities/soditech-ingenier,17867
FR0012821916,HIPAY,France,https://www.investing.com/equities/hipay-group-sa,955668
FR0000033409,FLYP,France,https://www.investing.com/equities/fonciere-lyonnais,17771
FR0000032302,MATP,France,https://www.investing.com/equities/manultan,7253
FR0010202606,ALBFR,France,https://www.investing.com/equities/sidetrade,943276
FR0010436584,ALDNX,France,https://www.investing.com/equities/dnxcorp-sa,17643
FR0010501692,GENX,France,https://www.investing.com/equities/generix-sa,17649
FR0000032526,GRBT,France,https://www.investing.com/equities/guerbet,7373
FR0010526814,SSI,France,https://www.investing.com/equities/supersonic-ima,943314
FR0013247137,MDW,France,https://www.investing.com/equities/mediawan,1006173
FR0013462231,ALMUN,France,https://www.investing.com/equities/munic-sa,1156614
FR0000076861,DTNC,France,https://www.investing.com/equities/acteos,17676
MA0000011488,IAM,France,https://www.investing.com/equities/itissalat-al-maghrib?cid=943374,943374
FR0011027135,PATC,France,https://www.investing.com/equities/patrimoine-et-commerce,17845
FR0013030152,LFDE,France,https://www.investing.com/equities/la-francaise-de-lenergie-sa,985182
ES0105089009,ALLLN,France,https://www.investing.com/equities/lleidanetworks-serveis-telematics?cid=1116246,1116246
FR0000052516,VILM,France,https://www.investing.com/equities/vilmorin-et-cie,7066
FR0004174233,ALBLD,France,https://www.investing.com/equities/bilendi,943263
FR0013296746,ADVIC,France,https://www.investing.com/equities/advicenne,1055913
FR0000052680,SABT,France,https://www.investing.com/equities/oeneo,17835
FR0004156297,LDSV,France,https://www.investing.com/equities/linedata-service,7266
FR0000063737,AUBT,France,https://www.investing.com/equities/aubay,17690
FR0010131409,ALLIX,France,https://www.investing.com/equities/wallix-group-sa,954903
FR0000033219,IMAF,France,https://www.investing.com/equities/groupe-altarea,17632
FR0000079147,ALU10,France,https://www.investing.com/equities/u10-group,7304
FR0013452281,ALAGP,France,https://www.investing.com/equities/agripower-france-sa,1155049
FR0000035818,ALESK,France,https://www.investing.com/equities/esker,943228
BE0974302342,ALPHS,France,https://www.investing.com/equities/pharmasimple-sa,993281
FR0013284627,ALARF,France,https://www.investing.com/equities/adeunis,1052246
FR0011950682,SEFER,France,https://www.investing.com/equities/sergeferrari-g,943368
FR0010766667,ALVU,France,https://www.investing.com/equities/vente-uniquecom,1073038
FR0000072597,ALITL,France,https://www.investing.com/equities/it-link,17799
NL0010949392,CNV,France,https://www.investing.com/equities/cnova,989560
FR0013357621,WAVE,France,https://www.investing.com/equities/solucom,17872
FR0010907956,ALCAR,France,https://www.investing.com/equities/carmat,943332
FR0000032658,SDGI,France,https://www.investing.com/equities/synergie,7091
FR0011898584,ALUVI,France,https://www.investing.com/equities/uv-germi-sa,1024920
FR0010313486,ALPRO,France,https://www.investing.com/equities/prodware,943286
FR0000071797,ETOF,France,https://www.investing.com/equities/infotel,17793
FR0010461053,CRLA,France,https://www.investing.com/equities/crcam-du-languedoc,40311
FR0010528059,ALSTW,France,https://www.investing.com/equities/streamwide,943315
FR0000039232,AUER,France,https://www.investing.com/equities/aurea,17692
FR0000044471,GDSF,France,https://www.investing.com/equities/general-sante,7659
FR0000072399,LBEL,France,https://www.investing.com/equities/le-belier,17811
FR0004016699,SMTPC,France,https://www.investing.com/equities/tunn-prado-caren,17889
FR0004029478,ALVIV,France,https://www.investing.com/equities/visiativ,943253
FR0000062978,ALDP,France,https://www.investing.com/equities/adl-partner,17679
FR0010330613,ALOBR,France,https://www.investing.com/equities/ober,943288
FR0013479730,ALPAU,France,https://www.investing.com/equities/paulic-meunerie-sa,1156668
FR0000074254,BDRP,France,https://www.investing.com/equities/bourse-direct,17638
FR0000036816,TEIF,France,https://www.investing.com/equities/tour-eiffel,17888
FR0010298620,MEMS,France,https://www.investing.com/equities/memscap,17823
FR0004045847,ALVDM,France,https://www.investing.com/equities/voyageurs-du-monde-sa,101933
FR0000064297,INN,France,https://www.investing.com/equities/innelec-multi,17796
FR0013185857,ABEO,France,https://www.investing.com/equities/abeo-sas,991239
FR0013015583,ALPOU,France,https://www.investing.com/equities/poulaillon-sa,961771
FR0013399474,GKTX,France,https://www.investing.com/equities/genticel,943362
FR0011033083,ALMOU,France,https://www.investing.com/equities/moulinvest,943334
FR0004029411,KEYR,France,https://www.investing.com/equities/keyrus,17803
FR0000054199,DPTP,France,https://www.investing.com/equities/st-dupont,17875
FR0000066540,ALHRG,France,https://www.investing.com/equities/vm-materiaux,7164
FR0013270626,ALMII,France,https://www.investing.com/equities/maison-internationale-informatique,1050140
FR0000065971,VLTZ,France,https://www.investing.com/equities/graines-voltz,17899
FR0013344173,RBO,France,https://www.investing.com/equities/roche-bobois,1084836
GA0000121459,EGAB,France,https://www.investing.com/equities/total-gabon-sa,40315
FR0000034548,UFFP,France,https://www.investing.com/equities/union-fin.-france,7145
FR0000064271,STF,France,https://www.investing.com/equities/stef-tfe,7121
FR0000061608,ALPDX,France,https://www.investing.com/equities/pisc-desjoyaux,7627
FR0000064446,CTRG,France,https://www.investing.com/equities/cis,17722
FR0012821890,ADUX,France,https://www.investing.com/equities/hi-media,7106
FR0010214064,GPEP,France,https://www.investing.com/equities/pizzorno-environnement,17651
FR0013297488,ALIMO,France,https://www.investing.com/equities/groupimo,943310
FR0000060303,COVH,France,https://www.investing.com/equities/fonciere-des-murs,17647
FR0012788065,ALCOR,France,https://www.investing.com/equities/biocorp-production-sa,955875
FR0000079691,IDSP,France,https://www.investing.com/equities/ids-sa,989568
FR0000120107,SAVEN,France,https://www.investing.com/equities/bongrain,7004
FR0010889386,ALQWA,France,https://www.investing.com/equities/custom-solutio,943330
FR0004034593,FBAP,France,https://www.investing.com/equities/fashion-b-air,943812
FR0011814938,BOOST,France,https://www.investing.com/equities/boostheat,1153014
FR0010396309,ALHIT,France,https://www.investing.com/equities/hitechpros,943298
FR0011208693,ALGLD,France,https://www.investing.com/equities/gold-by-gold,943345
FR0000062796,VRKP,France,https://www.investing.com/equities/vrank-pomm-mono,7444
FR0000075673,ALTAN,France,https://www.investing.com/equities/le-tanneur,17813
FR0010929125,IDLA,France,https://www.investing.com/equities/id-logistics-sas,40319
FR0000053399,CNIM,France,https://www.investing.com/equities/cnim,7148
FR0013399359,ALNRG,France,https://www.investing.com/equities/energisme,1163257
BE0160342011,ALCOI,France,https://www.investing.com/equities/coil,943223
FR0000074122,IISP,France,https://www.investing.com/equities/sii,7380
FR0013335742,COGEC,France,https://www.investing.com/equities/cogelec,1080045
FR0004044600,ALPRI,France,https://www.investing.com/equities/prismaflex-intern,17850
FR0013429404,ALGTR,France,https://www.investing.com/equities/groupe-tera-sa,1138456
FR0011289040,SQLI,France,https://www.investing.com/equities/sqli,17874
FR0000185423,ALDAR,France,https://www.investing.com/equities/damartex,7704
FR0000053514,PCAS,France,https://www.investing.com/equities/pcas,17666
FR0013183589,AURS,France,https://www.investing.com/equities/aures-technologie,17693
FR0013310281,MLOCT,France,https://www.investing.com/equities/octopus-robots,1073390
FR0000185506,CALCi,France,https://www.investing.com/equities/crcam-atlantique-vendee,40303
FR0012819381,ALGIL,France,https://www.investing.com/equities/groupe-guillin,943240
FR0013060100,ALIMR,France,https://www.investing.com/equities/immersion-sa,962523
FR0011490648,ALESA,France,https://www.investing.com/equities/ecoslops-sa,946355
FR0004159473,HEXAO,France,https://www.investing.com/equities/maisons-france,7693
FR0013283108,DLTA,France,https://www.investing.com/equities/delta-plus-group,17736
FR0010337865,ALUPG,France,https://www.investing.com/equities/vdi-group,943290
FR0004030708,ALDUB,France,https://www.investing.com/equities/encres-dubuit,17747
FR0013318813,PID,France,https://www.investing.com/equities/ask,943370
FR0011217710,ALMET,France,https://www.investing.com/equities/methanor,943346
IT0005351504,ALEAC,France,https://www.investing.com/equities/ediliziacrobatica?cid=1137598,1137598
FR0000140014,RENAp,France,https://www.investing.com/equities/renault-sa,1161788
FR0000066607,LACP,France,https://www.investing.com/equities/lacroix,17809
FR0010176115,MLOLM,France,https://www.investing.com/equities/olmix-sa,989592
FR0000045213,CIV,France,https://www.investing.com/equities/crcam-ille-vil,943234
FR0010246322,ALEZV,France,https://www.investing.com/equities/easyvista,943282
FR0000031023,EDSP,France,https://www.investing.com/equities/electricite-de-strasbourg,17644
FR0000065864,SCLR,France,https://www.investing.com/equities/sogeclair,17871
FR0000077562,ALHIO,France,https://www.investing.com/equities/hiolle-industries,17785
FR0004023208,BASS,France,https://www.investing.com/equities/les-nouveaux-constructeurs,17656
FR0000045544,CAT31,France,https://www.investing.com/equities/ca-toulouse-31-cci,17708
FR0013204336,LOUP,France,https://www.investing.com/equities/lmabert-dur-chan,7156
FR0000074759,ALFLE,France,https://www.investing.com/equities/fleury-michon,7691
FR0000053837,ALMP,France,https://www.investing.com/equities/altamir-amboise,17685
FR0010776617,ALMER,France,https://www.investing.com/equities/sapmer,943325
FR0010523167,ALROC,France,https://www.investing.com/equities/roctool,943313
FR0013079092,ALWEC,France,https://www.investing.com/equities/weconnect,962524
FR0013400835,ALMAR,France,https://www.investing.com/equities/mare-nostrum,1155533
FR0007080254,ALLHB,France,https://www.investing.com/equities/les-hotels-bav,943272
FR0010309096,CGR,France,https://www.investing.com/equities/cegereal,7177
FR0000062465,TCNP,France,https://www.investing.com/equities/verneuil-participations,17895
FR0011041011,ALBLU,France,https://www.investing.com/equities/bluelinea-sa,945113
FR0010485268,ALFPC,France,https://www.investing.com/equities/fountaine-pajo,943309
FR0000131732,SPIS,France,https://www.investing.com/equities/spir-communication,7234
FR0013371507,MLGML,France,https://www.investing.com/equities/gour-medical-sa,994029
BE0974334667,ALAVY,France,https://www.investing.com/equities/audiovalley,1088762
FR0000064164,PPCF,France,https://www.investing.com/equities/exacompta-clairefontaine,17754
FR0000045304,CRTO,France,https://www.investing.com/equities/crcam-touraine,943236
FR0010278762,ALTEV,France,https://www.investing.com/equities/environnement,943284
GB00B8GJBS16,MLSUM,France,https://www.investing.com/equities/sumo-resources-plc,946354
FR0000039091,ROBF,France,https://www.investing.com/equities/robertet,7305
FR0000062788,BBUI,France,https://www.investing.com/equities/barbara-bui,17699
FR0000066961,ALDBL,France,https://www.investing.com/equities/bernard-loisea,943246
FR0013333432,THHG,France,https://www.investing.com/equities/thermador-groupe,7242
FR0004065639,ALNSE,France,https://www.investing.com/equities/nse-industries,943255
FR0000044364,CCNP,France,https://www.investing.com/equities/crcam-norm.sei,943230
FR0006864484,LPER,France,https://www.investing.com/equities/laurent-perriere,7292
FR0010452474,ALGEM,France,https://www.investing.com/equities/eurogerm,943305
GB0002374006,DGE,France,https://www.investing.com/equities/diageo?cid=29512,29512
FR0000036675,CITT,France,https://www.investing.com/equities/groupe-crit,7162
FR0000045528,CAIF,France,https://www.investing.com/equities/crcam-paris-et,943238
FR0000074775,ALSAS,France,https://www.investing.com/equities/stradim-espace-finances,943817
FR0012969095,CAPLI,France,https://www.investing.com/equities/capelli,17710
FR0000062184,ALIDS,France,https://www.investing.com/equities/idsud,943244
FR0013231180,ALOSM,France,https://www.investing.com/equities/osmozis-sas,996152
ES0109429037,ALANT,France,https://www.investing.com/equities/antevenio,943225
FR0010397901,ALTRI,France,https://www.investing.com/equities/trilogiq,943301
FR0004110310,ESIG,France,https://www.investing.com/equities/esi-group,17749
FR0010341032,INEA,France,https://www.investing.com/equities/fonciere-inea,17770
FR0000033243,FINA,France,https://www.investing.com/equities/immob.-dassault,17791
FR0000121295,LEBO,France,https://www.investing.com/equities/lebon,17814
FR0010285965,ALMIL,France,https://www.investing.com/equities/1000mercis-sa,100157
FR0000053043,ADVI,France,https://www.investing.com/equities/advini,17681
FR0000060071,SAMS,France,https://www.investing.com/equities/samse,7538
FR0000038465,PASS,France,https://www.investing.com/equities/passat,17844
FR0012384907,MLCIO,France,https://www.investing.com/equities/cioa,943221
FR0000045551,CMO,France,https://www.investing.com/equities/crcam-morbihan,943239
FR0013384369,ALBKK,France,https://www.investing.com/equities/baikowski,1116355
FR0004527638,EXEP,France,https://www.investing.com/equities/exel-industries,7747
FR0000051393,IDVP,France,https://www.investing.com/equities/idi,17789
FR0000121634,COLP,France,https://www.investing.com/equities/colas,17725
FR0000061459,GPIF,France,https://www.investing.com/equities/perrier-industrie,17846
FR0000060790,GIRO,France,https://www.investing.com/equities/signaux-girod,17863
FR0011131788,MLSML,France,https://www.investing.com/equities/smalto-sa,989597
FR0000060949,TIVO,France,https://www.investing.com/equities/tivoly,17885
FR0000061137,BULY,France,https://www.investing.com/equities/burelle,17707
FR0010204453,ALMGI,France,https://www.investing.com/equities/mg-internation,943277
NL0010273694,MLAAH,France,https://www.investing.com/equities/amatheon-agri-holding-nv,989572
FR0010086371,MLIML,France,https://www.investing.com/equities/imalliance-sa,989585
FR0000061244,ALMEC,France,https://www.investing.com/equities/mecelec,17820
CA4433003064,ALHEO,France,https://www.investing.com/equities/h2o-innovation-inc?cid=943224,943224
FR0000045346,CRSU,France,https://www.investing.com/equities/crcam-sud-ra,943237
FR0012789386,NEXTS,France,https://www.investing.com/equities/nexstage-am-sas,994269
FR0004027068,ALLAN,France,https://www.investing.com/equities/lanson-bcc,13173
FR0010588079,FREY,France,https://www.investing.com/equities/frey,17777
FR0000124232,IRD,France,https://www.investing.com/equities/irdnordpasdecalai,17798
FR0000044943,ALLOG,France,https://www.investing.com/equities/logic-instrume,943232
FR0011910652,ALANV,France,https://www.investing.com/equities/anevia-sa,945116
FR0000060329,PSBP,France,https://www.investing.com/equities/psb-industries,7731
FR0000121857,FROB,France,https://www.investing.com/equities/fromagerie-bel,17778
FR0007200100,EARO,France,https://www.investing.com/equities/compagnie-des-eaux-de-royan-sa,989565
FR0012612646,PARP,France,https://www.investing.com/equities/groupes-partouche,7108
FR0004152882,ALCLA,France,https://www.investing.com/equities/clasquin,943256
FR0000066219,IFDE,France,https://www.investing.com/equities/indle-fin.-entrepr.,17653
CI0000053161,FOEQ,France,https://www.investing.com/equities/forestiere-equatoriale-sa,40318
FR0010424697,ALENT,France,https://www.investing.com/equities/entreparticuli,943303
FR0004529147,TESI,France,https://www.investing.com/equities/tessi,7069
FR0000034894,GAUM,France,https://www.investing.com/equities/gaumant,7709
FR0012185536,ARTE,France,https://www.investing.com/equities/medea,17662
FR0000064362,FATL,France,https://www.investing.com/equities/fonciere-atland,17768
FR0000066482,TIPK,France,https://www.investing.com/equities/tipiak,17884
FR0010447086,MLCHE,France,https://www.investing.com/equities/cheops-technology-france-sa,998052
FR0010169920,ALPRE,France,https://www.investing.com/equities/predilife,1115212
FR0000047797,BQBRp,France,https://www.investing.com/equities/bnp-paribas-sa-pref,1161782
FR0000140071,CRLPp,France,https://www.investing.com/equities/credit-lyonnais-sa,1161783
FR0000066680,VDLO,France,https://www.investing.com/equities/iec-professionnel-media,17628
FR0000064123,CDBP,France,https://www.investing.com/equities/baccarat,17697
FR0000037475,CFI,France,https://www.investing.com/equities/cfi-cie-fonciere,17716
FR0000076952,ARTO,France,https://www.investing.com/equities/ind-financ-artois,17792
FR0000030140,SRAG,France,https://www.investing.com/equities/sofragi,17869
FR0000044323,CRAP,France,https://www.investing.com/equities/crcam-alp.prov,943229
FR0000045239,CRLO,France,https://www.investing.com/equities/crcam-loire-ht,943235
FR0013257409,ALCOF,France,https://www.investing.com/equities/cofidur,943242
FR0000066441,ALPJT,France,https://www.investing.com/equities/poujoulat,943245
DE000A11Q133,MLHK,France,https://www.investing.com/equities/heckler---koch-beteiligungs-ag,961656
FR0011776889,MLUMG,France,https://www.investing.com/equities/umalis-group-sa,989598
BE6201089735,MLV4S,France,https://www.investing.com/equities/les-verandas-4-saisons-sa,989599
FR0004548873,GPBN,France,https://www.investing.com/equities/bourbon,6976
FR0011284991,FTRN,France,https://www.investing.com/equities/theolia,7046
FR0000034639,ALTT,France,https://www.investing.com/equities/altran-tech,7047
FR0000120388,RXPA,France,https://www.investing.com/equities/recylex,7079
FR0000052870,XPO,France,https://www.investing.com/equities/dentrssangle,7136
FR0000039240,TGEL,France,https://www.investing.com/equities/toupargel,7180
FR0000054652,ALPHY,France,https://www.investing.com/equities/ales-groupe,7278
FR0000064404,MED6,France,https://www.investing.com/equities/media-6,7363
FR0000054421,ALBOU,France,https://www.investing.com/equities/bricorama,7417
FR0000035263,LAFU,France,https://www.investing.com/equities/lafuma,7568
FR0000044612,AFON,France,https://www.investing.com/equities/afone,7727
FR0013256518,ALECR,France,https://www.investing.com/equities/cerep,14166
FR0000078958,BZDK,France,https://www.investing.com/equities/business---decision,17636
FR0000060840,ALDEV,France,https://www.investing.com/equities/devernois,17642
FR0000064958,ITXA,France,https://www.investing.com/equities/intexa-sa,17654
FR0000076986,TEDE,France,https://www.investing.com/equities/financiere-moncey,17659
FR0010263202,PARF,France,https://www.investing.com/equities/paref,17665
FR0000072563,SDIF,France,https://www.investing.com/equities/sodifrance,17670
FR0010949404,STEN,France,https://www.investing.com/equities/stentys-sa,17671
FR0010407049,TERR,France,https://www.investing.com/equities/terre,17673
FR0000054215,CBQP,France,https://www.investing.com/equities/unibel,17674
BE0974269012,ALDV,France,https://www.investing.com/equities/adc-siic,17678
FR0013421286,AMOS,France,https://www.investing.com/equities/alpha-mos,17684
FR0000039216,AREIT,France,https://www.investing.com/equities/altareit,17686
FR0000061780,AUCP,France,https://www.investing.com/equities/augros-cosm-pack,17691
FR0000062150,BLEE,France,https://www.investing.com/equities/bleecker,17704
FR0000064156,CRPP,France,https://www.investing.com/equities/carpinienne-part,17711
FR0000062101,FCMC,France,https://www.investing.com/equities/casino-mun-cannes,17712
FR0000079659,CCAP,France,https://www.investing.com/equities/cie-du-cambodge-n,17720
FR0000030611,GALIM,France,https://www.investing.com/equities/cie-marocaine,17721
FR0000065393,CRTS,France,https://www.investing.com/equities/courtois,17727
FR0000050395,CROS,France,https://www.investing.com/equities/crosswood,17729
FR0011026749,DALE,France,https://www.investing.com/equities/dalet-rev-split,17732
FR0000035784,EGR,France,https://www.investing.com/equities/digigram,17737
FR0000035719,EEMA,France,https://www.investing.com/equities/elect-eaux-madaga,17744
FR0000039026,EEPC,France,https://www.investing.com/equities/explosifs---prod-chimiques,17755
FR0000031973,FSDV,France,https://www.investing.com/equities/faience-sarreguem,17756
FR0000063034,FAUV,France,https://www.investing.com/equities/fauvet-girel-ets,17758
FR0000061418,SACP,France,https://www.investing.com/equities/fiducial-office-solutions,17760
FR0000060535,PADI,France,https://www.investing.com/equities/fiducial-real,17761
FR0000062341,ILSB,France,https://www.investing.com/equities/fin.-etang-berre,17762
FR0000060824,FINM,France,https://www.investing.com/equities/financiere-marjos,17763
FR0000035123,LINP,France,https://www.investing.com/equities/finatis,17764
FR0000038184,FIPP,France,https://www.investing.com/equities/fipp,17765
FR0000065930,BLIM,France,https://www.investing.com/equities/fonciere-7-invest,17767
FR0000038499,LOEX,France,https://www.investing.com/equities/fonciere-euris,17769
FR0000053944,SPOE,France,https://www.investing.com/equities/fonciere-volta,17775
FR0010209809,SFCA,France,https://www.investing.com/equities/francaise-casinos,17776
FR0000053035,GEAP,France,https://www.investing.com/equities/gea,17779
FR0004010338,JAJP,France,https://www.investing.com/equities/groupe-j.a.j,17780
FR0004165801,LZTL,France,https://www.investing.com/equities/hotels-de-paris,17787
FR0000030827,IGXA,France,https://www.investing.com/equities/ige-plus-xao,17790
FR0000060451,ALLUX,France,https://www.investing.com/equities/installux,17797
FR0000073843,ITS,France,https://www.investing.com/equities/itsgroup.,17801
FR0000060907,CHSS,France,https://www.investing.com/equities/la-chausseria,17806
FR0000030074,MFBP,France,https://www.investing.com/equities/malts-fco-belges,17817
FR0000061475,EFIN,France,https://www.investing.com/equities/eurasia-fonciere,17819
FR0000052623,DEDAL,France,https://www.investing.com/equities/medasys,17821
FR0000060196,MRM,France,https://www.investing.com/equities/mrm,17829
FR0000037970,MUSE,France,https://www.investing.com/equities/musee-grevin,17830
FR0000064529,ALNSC,France,https://www.investing.com/equities/nsc-groupe,17834
FR0013190410,KAZI,France,https://www.investing.com/equities/orchestra-kazibao,17838
FR0000060832,PREP,France,https://www.investing.com/equities/precia,17849
FR0000037640,ALRGR,France,https://www.investing.com/equities/rougier,17856
FR0000060121,SABL,France,https://www.investing.com/equities/sabeton,17857
FR0004175842,SELER,France,https://www.investing.com/equities/selectirente-n,17862
FR0000036857,SIPH,France,https://www.investing.com/equities/siph,17866
FR0000038804,SPBS,France,https://www.investing.com/equities/sofibus-patrimoin,17868
FR0000063307,TYNN,France,https://www.investing.com/equities/tayninh,17880
FR0000065765,VDNT,France,https://www.investing.com/equities/visiodent,17897
FR0010298901,OFP,France,https://www.investing.com/equities/zublin-immobiliere,17901
FR0000065260,DPAP,France,https://www.investing.com/equities/docks-des-petroles-dambes,17919
CH0008853209,AGTA,France,https://www.investing.com/equities/agta-record-ag,19715
FR0010326090,ALVIA,France,https://www.investing.com/equities/viapresse,19724
US1491231015,CATR,France,https://www.investing.com/equities/caterpillar?cid=29396,29396
US58933Y1055,MRK,France,https://www.investing.com/equities/merck---co?cid=29417,29417
CM0000035113,BRCP,France,https://www.investing.com/equities/brasseries-cameroun,40298
SN0000033192,CFOA,France,https://www.investing.com/equities/louest-africain,40307
CH0008175645,TLVB,France,https://www.investing.com/equities/televerbier-sa,40327
CY0104972217,ALPCI,France,https://www.investing.com/equities/primecity,942518
FR0012300424,MLFDV,France,https://www.investing.com/equities/franck-deville-sa,942715
FR0012336675,MLGEL,France,https://www.investing.com/equities/gel-groupe-sa,943216
FR0012990968,MLMUL,France,https://www.investing.com/equities/mulann-sa,943219
FR0000033888,ALGEV,France,https://www.investing.com/equities/gevelot,943226
FR0000035305,ALBDM,France,https://www.investing.com/equities/bd-multimedia,943227
FR0000045122,ALENR,France,https://www.investing.com/equities/entreprendre,943233
FR0000053076,ALADA,France,https://www.investing.com/equities/ada,943241
FR0000061582,ALSIP,France,https://www.investing.com/equities/siparex-croiss,943243
FR0004022754,ALDOL,France,https://www.investing.com/equities/dolphin-integr,943252
FR0004155687,ALMAS,France,https://www.investing.com/equities/mastrad,943258
FR0004166197,ALTVO,France,https://www.investing.com/equities/evolis,943260
FR0005854700,ALI2S,France,https://www.investing.com/equities/i2s,943271
FR0010082305,ALIVA,France,https://www.investing.com/equities/ivalis,943273
FR0010207795,ALHVS,France,https://www.investing.com/equities/harvest,943278
FR0010304402,ALINN,France,https://www.investing.com/equities/millet-innov.,943285
FR0010337444,ALWEB,France,https://www.investing.com/equities/weborama,943289
FR0010340711,ALAQU,France,https://www.investing.com/equities/aquila-sa,943291
FR0010395681,ALTUR,France,https://www.investing.com/equities/turenne-inv,943297
FR0010404368,ALDSL,France,https://www.investing.com/equities/d.l.s.i,943302
FR0010465534,ALEO2,France,https://www.investing.com/equities/eo2,943307
FR0013297165,ALCES,France,https://www.investing.com/equities/cesar,943316
FR0011070457,ALUCR,France,https://www.investing.com/equities/ucar,943341
FR0011289198,ALGEP,France,https://www.investing.com/equities/global-ecopowe,943349
FR0011471291,MAGIS,France,https://www.investing.com/equities/ymagis,943353
FR0011592104,BLUE,France,https://www.investing.com/equities/blue,943355
IE00BJYS1G50,MSTY,France,https://www.investing.com/equities/mainstay-medic,943373
US91912E1055,VALED3,France,https://www.investing.com/equities/vale-s.a.--americ?cid=943379,943379
FR0010221069,ALFIL,France,https://www.investing.com/equities/notrefamille.com,943814
FR0000073728,ALSER,France,https://www.investing.com/equities/serma-technologies,943816
FR0012407096,ALOCA,France,https://www.investing.com/equities/oceasoft-sas,945101
FR0004043487,ALTRA,France,https://www.investing.com/equities/traqueur-sa,945104
GB00B19RTX44,ALSIM,France,https://www.investing.com/equities/assima-plc,945109
FR0011453463,AIRFxb,France,https://www.investing.com/equities/air-france-klm,945118
FR0004175099,ALTRO,France,https://www.investing.com/equities/tronics-microsystems-sa,945687
FR0010383877,ALTTI,France,https://www.investing.com/equities/travel-technology-interactive,945689
FR0010844001,ALEUA,France,https://www.investing.com/equities/eurasia-groupe-sa,945690
FR0010785790,ALPAT,France,https://www.investing.com/equities/plant-advanced-technologies-sa,949745
GB00BT9PTW34,MLIDP,France,https://www.investing.com/equities/innovaderma?cid=953071,953071
CA74375L1058,MLPRO,France,https://www.investing.com/equities/protektus-ag,953850
FR0012709160,ALUNT,France,https://www.investing.com/equities/uniti-sa,953851
FR0012633360,CLNV,France,https://www.investing.com/equities/cellnovo-group-sa,955877
PTGVE1AE0009,MLGEQ,France,https://www.investing.com/equities/gentlemens-equity-sa,955879
FR0012833770,MLVAL,France,https://www.investing.com/equities/valoneo-sasu,955881
CH0121668229,MLIFE,France,https://www.investing.com/equities/anlarop-development-ag,958273
FR0012859916,MLORC,France,https://www.investing.com/equities/orclass.com-sa,958275
FR0012968485,MLAEM,France,https://www.investing.com/equities/ashler-et-manson-sarl,958855
SE0007045380,MLDYH,France,https://www.investing.com/equities/design-your-home-holding-ab,958857
GB00BF553726,MLSKN,France,https://www.investing.com/equities/microskin-plc,958858
FR0011651819,ALFST,France,https://www.investing.com/equities/technofirst-sa,960705
FR0004177939,MLDTB,France,https://www.investing.com/equities/datbim-sa,960707
CH0299791381,MLOVE,France,https://www.investing.com/equities/4service-cloud-tech-ltd,960708
FR0013406881,MLCMG,France,https://www.investing.com/equities/compagnie-miniere-grecemar-sa,961655
FR0011092089,MLCLI,France,https://www.investing.com/equities/maison-clio-blue-sa,961772
FR0013072741,MLOSA,France,https://www.investing.com/equities/o-sorbet-damour-sa,963717
PTAZR0AM0006,MLAAT,France,https://www.investing.com/equities/azorean-aquatic-technologies-sa,963718
ES0105118006,ALQP,France,https://www.investing.com/equities/quadpack-industries-sa,976470
CH0309050059,MLSFI,France,https://www.investing.com/equities/bambu-ag,977684
FR0013155975,MLSDN,France,https://www.investing.com/equities/la-savonnerie-de-nyons-sa,980203
FR0000063976,STID,France,https://www.investing.com/equities/streit-mecanique-sa,985793
BE0974299316,ALINV,France,https://www.investing.com/equities/invibes-advertising-sasu,985973
FR0013180189,MLUTP,France,https://www.investing.com/equities/un-toit-pour-toi-sa,985974
FR0000076481,3CHN,France,https://www.investing.com/equities/les-trois-chenes-sa,989552
FR0010654087,ALTXC,France,https://www.investing.com/equities/txcom-sa,989554
FR0005057635,ARDPa,France,https://www.investing.com/equities/les-motocycles-ardoin-saint-amand,989555
FR0000051302,BLBP,France,https://www.investing.com/equities/financiere-hoche-bains-les-bains-sa,989557
FR0000060428,CHMS,France,https://www.investing.com/equities/compagnie-du-mont-blanc-sa,989558
FR0000065773,CHRA,France,https://www.investing.com/equities/imprimerie-chirat-sa,989559
FR0006205019,CSCE,France,https://www.investing.com/equities/lombard-et-medot-sa,989561
FR0000079824,DJTK,France,https://www.investing.com/equities/digitech-sa,989562
FR0000052920,DYND,France,https://www.investing.com/equities/dynafond-sa,989564
FR0000052755,EDDS,France,https://www.investing.com/equities/editions-du-signe-sa,989566
FR0000076960,KRNI,France,https://www.investing.com/equities/groupe-carnivor-sa,989569
FR0012395457,ML350,France,https://www.investing.com/equities/as-sa,989571
FR0010436170,MLBAT,France,https://www.investing.com/equities/batla-minerals-sa,989573
FR0010717579,MLCEC,France,https://www.investing.com/equities/cecurity-com-sa,989574
FR0010157115,MLERO,France,https://www.investing.com/equities/euroland-corporate-sa,989577
FR0010492181,MLETA,France,https://www.investing.com/equities/metalliance-sa,989578
CH0120879058,MLFIR,France,https://www.investing.com/equities/firstcaution-sa,989581
FR0010823724,MLFTI,France,https://www.investing.com/equities/france-tourisme-immobilier-sa,989582
FR0010487272,MLFXO,France,https://www.investing.com/equities/finaxo-environnement-sa,989583
BE0948833760,MLGES,France,https://www.investing.com/equities/green-energy-4-seasons-sa,989584
FR0011421817,MLLED,France,https://www.investing.com/equities/novaday-sas,989589
BE6252013725,MLMFI,France,https://www.investing.com/equities/medical-franchises-investments-nv,989590
FR0010882886,MLMON,France,https://www.investing.com/equities/monfinancier-sa,989591
FR0010106039,MLONE,France,https://www.investing.com/equities/body-one-sa,989593
FR0000185928,MLPFX,France,https://www.investing.com/equities/parfex-sa,989594
FR0010038570,MLRAM,France,https://www.investing.com/equities/raphael-michel-sa,989595
FR0010033480,MLVIS,France,https://www.investing.com/equities/visio-nerf-sa,989600
FR0010768770,MLWEY,France,https://www.investing.com/equities/weya-sa,989602
FR0010500363,NEWS,France,https://www.investing.com/equities/nicolas-miguet-et-associes-sa,989604
FR0010358507,NWZI,France,https://www.investing.com/equities/news-invest-sa,989605
FR0000057895,PGOA,France,https://www.investing.com/equities/pgo-automobiles-sa,989606
FR0000030769,PLAP,France,https://www.investing.com/equities/placoplatre-sa,989607
FR0000045601,ROBFi,France,https://www.investing.com/equities/robertet-sa,989608
FR0004038818,SION,France,https://www.investing.com/equities/simo-international-sa,989609
FR0005783503,UMHS,France,https://www.investing.com/equities/union-metallurgique-de-la-haute,989610
FR0013219367,ALHSW,France,https://www.investing.com/equities/horizontal-software-sas,994268
FR0013465747,MICPn,France,https://www.investing.com/equities/michelin-sca-nv,994725
FR0000077885,DRIS,France,https://www.investing.com/equities/damaris-sa,995707
FR0013230067,MLMMC,France,https://www.investing.com/equities/multimicrocloud-sa,995939
FR0013258589,ANTAL,France,https://www.investing.com/equities/antalis,1017261
FR0013251584,MLAHC,France,https://www.investing.com/equities/health-sas,1024886
FR0013284080,BUP,France,https://www.investing.com/equities/biom-up,1052245
FR0013253812,MLALV,France,https://www.investing.com/equities/alveen,1052263
FR0013328184,ALOXA,France,https://www.investing.com/equities/oxatis,1073232
NL0012650535,MLPRXP,France,https://www.investing.com/equities/parx-plastics,1081592
FR0013318052,ALORD,France,https://www.investing.com/equities/ordissimo,1082135
LU1840650458,MLGDI,France,https://www.investing.com/equities/guandao-puer,1095157
IT0005119109,ALMBG,France,https://www.investing.com/equities/mybest-group,1096029
ES0105399002,MLWRC,France,https://www.investing.com/equities/whiteni-r-cajal-socimi,1123800
FR0013419876,MLVAP,France,https://www.investing.com/equities/kumulus-vape-sa,1131239
HK0000038783,MLEAS,France,https://www.investing.com/equities/easson-holdings-ltd,1137597
ES0105422002,MLAGA,France,https://www.investing.com/equities/agartha-real-estate-socimi-sa,1141915
ES0105417002,MLIPO,France,https://www.investing.com/equities/iposa-properties,1142317
NL0012191662,ALPER,France,https://www.investing.com/equities/la-perla-fashion-holding,1152342
IT0005391161,MLIRF,France,https://www.investing.com/equities/innovative-rfk-spa,1156187
US00774B2088,AKOM,France,https://www.investing.com/equities/aerkomm-inc,1161777
ES0105029005,ALPHI,France,https://www.investing.com/equities/facephi-biometria-sa?cid=1161778,1161778
IT0005353484,ALSEI,France,https://www.investing.com/equities/societa-editoriale-il?cid=1161779,1161779
FR0000140063,BNPPp,France,https://www.investing.com/equities/bnp-paribas-sa,1161780
FR0000047722,BFCEp,France,https://www.investing.com/equities/natixis-sa,1161781
FR0000047805,CIFCp,France,https://www.investing.com/equities/credit-industriel-et-commercial-sa,1161784
FR0013462876,EUFIn,France,https://www.investing.com/equities/eurofins-scientific-se,1161785
FR0000037343,EEPCp,France,https://www.investing.com/equities/soc-d-explosifs-produits,1161786
FR0004166155,NR21,France,https://www.investing.com/equities/nr-21-sa,1161787
FR0000140030,SGOBp,France,https://www.investing.com/equities/compagnie-de-saint-gobain-sa,1161789
FR0000047607,SGOBpa,France,https://www.investing.com/equities/compagnie-de-saint-gobain-par,1161790
FR0011472943,VLS_p,France,https://www.investing.com/equities/valneva-se?cid=1161791,1161791
ES0105478004,MLAGP,France,https://www.investing.com/equities/agp-malaga-socimi-sa,1162797
ES0105492005,MLVRF,France,https://www.investing.com/equities/vref-seville-real-estate-holdco-soc,1164139
ES0105490009,MLORB,France,https://www.investing.com/equities/orbis-properties-socimi,1164140
ES0105486007,MLARO,France,https://www.investing.com/equities/aroca-del-pinar-socimi-sa,1165313
FR0013534617,ALECO,France,https://www.investing.com/equities/ecomiam-sa,1166410
ES0105498002,MLHAY,France,https://www.investing.com/equities/healthcare-activos-yield-socimi,1166563
FR00140006O9,LOCAL,France,https://www.investing.com/equities/solocal,7058
